id,monto_transaccion,edad_cliente,dias_activo,num_transacciones,score_credito,categoria,region,es_anomalia_real
0,511.9372967618886,69.0,218.0,26.0,474.5965207354073,Servicios,Oriente,0
1,532.4411887138072,55.0,316.0,21.0,485.6190953859765,Servicios,Norte,0
2,552.1308372255029,35.0,292.0,49.0,712.7750972905349,Servicios,Oriente,0
3,447.75110324672454,48.0,278.0,7.0,597.5405230054149,Servicios,Sur,0
4,578.0711345389641,68.0,339.0,40.0,543.3220545012639,Tecnología,Oriente,0
5,458.1529913301875,67.0,171.0,8.0,552.0236177879567,Retail,Sur,0
6,389.4979522629047,50.0,2.0,14.0,701.8059282449349,Salud,Oriente,0
7,471.41915072304016,38.0,229.0,41.0,600.3585103481071,Retail,Centro,0
8,410.4682092016984,61.0,124.0,16.0,850.0,Salud,Centro,0
9,732.467739491542,50.0,117.0,26.0,693.2904670574433,Retail,Centro,0
10,382.8849420662114,22.0,147.0,42.0,547.6402563268882,Salud,Sur,0
11,460.22141934832945,25.0,346.0,38.0,568.5347574110993,Salud,Sur,0
12,390.7310139294262,35.0,273.0,39.0,567.4374203870738,Servicios,Sur,0
13,267.5794351255778,56.0,88.0,10.0,588.3015867012289,Tecnología,Oriente,0
14,459.90518711590255,58.0,351.0,43.0,663.8405711721781,Retail,Norte,0
15,566.7840131301516,58.0,185.0,22.0,580.7725734318533,Servicios,Sur,0
16,676.5790367591788,21.0,213.0,47.0,800.8951326844865,Salud,Norte,0
17,444.51778488025195,47.0,346.0,11.0,742.715966590152,Retail,Norte,0
18,546.0052535818965,32.0,127.0,42.0,630.5904762079781,Salud,Centro,0
19,530.9874587987234,42.0,329.0,48.0,714.3904452689903,Servicios,Norte,0
20,707.2820256997022,61.0,49.0,4.0,679.0407398171614,Salud,Norte,0
21,544.202793524079,43.0,187.0,28.0,656.772902458621,Retail,Norte,0
22,755.5096534433958,35.0,26.0,1.0,672.1831624968678,Servicios,Norte,0
23,481.4593184900119,55.0,211.0,21.0,698.3833266040455,Tecnología,Oriente,0
24,611.3956389882181,26.0,95.0,20.0,463.83201624437515,Retail,Norte,0
25,477.20913907732916,26.0,64.0,27.0,595.352655873186,Retail,Oriente,0
26,725.2213533538004,39.0,206.0,47.0,753.3349172526938,Salud,Sur,0
27,554.2800740771767,29.0,312.0,33.0,694.4192059423539,Servicios,Oriente,0
28,603.6593616437826,25.0,133.0,21.0,832.1944358844878,Salud,Sur,0
29,221.5572785136626,39.0,281.0,26.0,632.2723064001518,Servicios,Centro,0
30,506.9929197122536,27.0,249.0,37.0,659.194712926481,Tecnología,Oriente,0
31,599.3585812156471,47.0,199.0,47.0,625.5104761232037,Servicios,Oriente,0
32,15154.50117804285,999.0,5000.0,1986.0,1200.0,Servicios,Oriente,1
33,553.5586577051677,41.0,285.0,24.0,496.8976212136859,Retail,Sur,0
34,421.5024271918644,62.0,135.0,27.0,657.4143556823203,Tecnología,Sur,0
35,503.85292087651214,36.0,299.0,11.0,570.5722553732849,Salud,Centro,0
36,362.9674128629115,19.0,263.0,26.0,637.6311393104073,Retail,Centro,0
37,611.7005871620636,61.0,247.0,47.0,556.4311998016938,Servicios,Centro,0
38,577.1992153626853,37.0,22.0,37.0,668.7544893185678,Retail,Oriente,0
39,756.9977121044553,58.0,125.0,20.0,662.7438227063712,Tecnología,Norte,0
40,0.5140271036732255,130.0,5000.0,575.0,1200.0,Servicios,Sur,1
41,575.0708472760804,18.0,194.0,43.0,680.3750064491187,Servicios,Norte,0
42,600.5751881473258,27.0,264.0,48.0,585.2699212047169,Retail,Centro,0
43,394.6217159685499,19.0,28.0,26.0,652.9444399277564,Retail,Oriente,0
44,642.5270111914324,47.0,333.0,42.0,577.6153997428462,Servicios,Sur,0
45,459.8652593172948,37.0,135.0,21.0,741.3184614482574,Tecnología,Centro,0
46,449.1672072246994,53.0,175.0,35.0,570.711494753012,Tecnología,Sur,0
47,450.60340133405487,65.0,67.0,5.0,715.8976741635033,Retail,Centro,0
48,285.96666443429797,47.0,281.0,7.0,681.3196829878485,Servicios,Norte,0
49,433.25696493810494,38.0,138.0,22.0,520.4742543905468,Retail,Oriente,0
50,481.4564621517437,59.0,117.0,5.0,745.1027291483099,Servicios,Norte,0
51,546.3015863067801,26.0,51.0,4.0,459.8167606616015,Retail,Centro,0
52,602.6023189156734,31.0,157.0,8.0,583.4781781866899,Tecnología,Oriente,0
53,15101.603466696952,5.0,5000.0,718.0,10.0,Retail,Centro,1
54,454.0175214636815,41.0,360.0,23.0,690.6182761310602,Tecnología,Centro,0
55,295.3217340781379,60.0,324.0,29.0,565.4090604269377,Salud,Oriente,0
56,790.4498014696883,34.0,88.0,34.0,593.8586442986574,Retail,Oriente,0
57,659.322335872123,40.0,341.0,38.0,672.4938532514784,Tecnología,Oriente,0
58,401.3299979251616,67.0,344.0,12.0,647.0200597958299,Retail,Centro,0
59,414.33502111562194,31.0,277.0,35.0,573.9571034251406,Retail,Sur,0
60,377.1803008853762,20.0,140.0,41.0,609.0350864544698,Servicios,Sur,0
61,375.13472730109584,64.0,55.0,20.0,758.5410525971171,Retail,Sur,0
62,565.8486582636951,50.0,245.0,7.0,662.9535493828055,Tecnología,Oriente,0
63,0.7792183138489488,130.0,-10.0,660.0,1200.0,Retail,Norte,1
64,535.5701600970391,49.0,17.0,34.0,520.2459898535833,Retail,Oriente,0
65,576.5040573077235,40.0,57.0,15.0,626.9371633498145,Tecnología,Norte,0
66,512.945653321164,33.0,160.0,36.0,768.4079362971133,Servicios,Sur,0
67,453.1443260644628,45.0,86.0,45.0,741.2167583149388,Tecnología,Sur,0
68,621.5258981383795,24.0,226.0,11.0,567.0734420104275,Tecnología,Sur,0
69,340.83287387125233,28.0,312.0,37.0,635.5754381720373,Salud,Sur,0
70,443.67171917567316,69.0,290.0,30.0,537.4468667518511,Salud,Centro,0
71,576.7551691397482,32.0,359.0,10.0,507.89058889230233,Servicios,Norte,0
72,570.3466797631133,56.0,147.0,32.0,658.1805327717933,Retail,Norte,0
73,479.9686483869722,22.0,180.0,25.0,616.1951213761002,Salud,Sur,0
74,528.9973426012101,20.0,297.0,13.0,642.973145711704,Retail,Sur,0
75,372.97567016259086,49.0,356.0,22.0,770.1623401474504,Servicios,Oriente,0
76,595.201668223991,58.0,118.0,39.0,711.3493834663249,Retail,Centro,0
77,479.5510902602955,41.0,40.0,49.0,613.117897553533,Salud,Centro,0
78,569.6932514395756,49.0,69.0,22.0,702.9558071544413,Salud,Sur,0
79,518.6515193202159,36.0,50.0,7.0,643.2384094790822,Salud,Norte,0
80,0.6936491184742588,130.0,5000.0,1125.0,10.0,Salud,Centro,1
81,557.6172084069933,26.0,68.0,37.0,713.1493244535765,Salud,Centro,0
82,849.6634959208795,45.0,142.0,36.0,647.7585772083405,Salud,Norte,0
83,612.2656550558179,43.0,363.0,16.0,795.3221596912084,Retail,Oriente,0
84,341.27604651747174,36.0,291.0,3.0,680.9646983516595,Servicios,Sur,0
85,405.61210698749977,26.0,242.0,3.0,801.4439108338036,Tecnología,Norte,0
86,508.10948833866695,29.0,45.0,47.0,659.0998522788915,Retail,Centro,0
87,16027.27254731039,5.0,-10.0,1346.0,10.0,Tecnología,Oriente,1
88,15093.026421826095,130.0,-10.0,523.0,1200.0,Retail,Centro,1
89,384.3633866757435,29.0,363.0,36.0,729.6507844894265,Tecnología,Oriente,0
90,547.1392961911903,19.0,72.0,9.0,738.797571448456,Retail,Norte,0
91,721.7390015547255,32.0,197.0,12.0,746.5940022648961,Tecnología,Oriente,0
92,0.6290225375322243,999.0,5000.0,1652.0,1200.0,Servicios,Centro,1
93,392.8243254098165,19.0,86.0,6.0,647.948875172186,Salud,Sur,0
94,402.34727261025466,38.0,223.0,15.0,696.5480351445663,Servicios,Sur,0
95,451.23019803384614,64.0,97.0,23.0,647.7533539916774,Retail,Sur,0
96,593.3320866901911,67.0,83.0,2.0,753.1943758894593,Servicios,Sur,0
97,638.6374443328035,32.0,258.0,14.0,650.9373134175493,Retail,Norte,0
98,619.9789096292353,52.0,47.0,17.0,594.658420559815,Tecnología,Sur,0
99,448.7296824396159,44.0,119.0,26.0,787.7887953596519,Servicios,Norte,0
100,650.2070010278234,46.0,165.0,46.0,628.289880565462,Tecnología,Sur,0
101,312.3826462557574,62.0,224.0,32.0,561.036459651264,Retail,Centro,0
102,607.7378490092658,50.0,103.0,49.0,688.7562751398738,Tecnología,Sur,0
103,389.66572567980666,54.0,337.0,13.0,505.1829343130547,Servicios,Norte,0
104,519.0247629292057,23.0,182.0,3.0,671.8290014420618,Retail,Centro,0
105,377.52523765839953,56.0,281.0,2.0,636.4359427439645,Retail,Sur,0
106,614.2464383767868,55.0,72.0,36.0,690.6927634414479,Retail,Sur,0
107,0.42468105539530293,5.0,5000.0,1146.0,10.0,Salud,Sur,1
108,292.72154921691816,28.0,338.0,6.0,657.5674026366161,Retail,Sur,0
109,229.78672512571438,42.0,289.0,23.0,508.12683689522555,Tecnología,Norte,0
110,707.8773926491933,25.0,349.0,13.0,743.1955556150502,Retail,Centro,0
111,469.76271461517376,65.0,90.0,22.0,404.8976106950083,Salud,Centro,0
112,280.29130089829636,28.0,333.0,16.0,699.298831724265,Servicios,Oriente,0
113,437.2737564596384,19.0,184.0,33.0,583.8552715685541,Salud,Centro,0
114,518.3075014522963,49.0,30.0,26.0,547.7529309830558,Tecnología,Norte,0
115,335.0125029956022,45.0,60.0,46.0,689.383752955043,Tecnología,Oriente,0
116,481.2034522810292,49.0,225.0,39.0,563.9542171085587,Salud,Centro,0
117,435.93197139517343,66.0,241.0,16.0,627.5413279319431,Salud,Norte,0
118,527.9453624164602,34.0,35.0,22.0,768.3569715081754,Retail,Centro,0
119,531.6460645227824,26.0,82.0,21.0,562.7642197959618,Salud,Sur,0
120,583.9036078033865,25.0,48.0,47.0,758.2458862033648,Retail,Oriente,0
121,585.727577915679,54.0,69.0,46.0,687.548852769662,Retail,Sur,0
122,343.7384591765218,38.0,72.0,32.0,681.2580020871117,Servicios,Oriente,0
123,443.5552814848645,51.0,38.0,20.0,673.5674274046703,Salud,Centro,0
124,325.4213017690653,59.0,349.0,36.0,678.7165152521177,Salud,Oriente,0
125,623.1004211462287,42.0,206.0,11.0,735.2782103794508,Servicios,Norte,0
126,470.56665848694684,35.0,185.0,13.0,625.602142502952,Servicios,Centro,0
127,441.8996679999706,66.0,69.0,44.0,632.7880667383097,Tecnología,Sur,0
128,346.2716951785002,33.0,287.0,24.0,759.7873874293215,Servicios,Centro,0
129,503.6757791113301,49.0,310.0,37.0,651.1257666298803,Salud,Norte,0
130,380.3303806878222,49.0,316.0,43.0,557.7060066880192,Salud,Oriente,0
131,745.8506781035944,49.0,352.0,24.0,846.6594884589248,Retail,Centro,0
132,15358.674228804339,130.0,5000.0,530.0,1200.0,Tecnología,Sur,1
133,419.46316671241027,46.0,318.0,17.0,750.6223160695554,Salud,Sur,0
134,350.663385487871,32.0,218.0,31.0,712.998616350842,Servicios,Oriente,0
135,320.5927003727354,35.0,174.0,28.0,641.9761866045274,Servicios,Oriente,0
136,356.4992425293152,28.0,294.0,27.0,634.3196561723987,Retail,Sur,0
137,605.5277569835395,57.0,325.0,9.0,681.3608749892605,Servicios,Oriente,0
138,444.9391408220839,28.0,361.0,48.0,688.8158585182166,Retail,Norte,0
139,346.6474910816457,39.0,31.0,12.0,590.4911258323492,Salud,Norte,0
140,601.5900783012085,38.0,105.0,34.0,850.0,Tecnología,Sur,0
141,692.2134669585098,34.0,353.0,43.0,711.7499433895863,Tecnología,Norte,0
142,455.81012518543633,21.0,25.0,48.0,566.4844742825086,Servicios,Norte,0
143,14963.793830584727,5.0,5000.0,910.0,1200.0,Servicios,Oriente,1
144,551.698520360946,22.0,131.0,10.0,777.2175044497424,Servicios,Norte,0
145,375.12967369850804,66.0,85.0,7.0,618.6219189663774,Salud,Norte,0
146,376.12847953065955,69.0,79.0,40.0,624.3567697329962,Tecnología,Norte,0
147,551.34685288339,30.0,74.0,38.0,658.0749433388123,Retail,Sur,0
148,693.9451617981449,59.0,63.0,46.0,729.9739215897591,Servicios,Sur,0
149,420.56888707200187,56.0,354.0,15.0,727.1640545791466,Retail,Norte,0
150,499.3853759935914,45.0,245.0,42.0,569.8099403387026,Tecnología,Norte,0
151,482.29655837115763,41.0,258.0,5.0,714.9388567997202,Salud,Oriente,0
152,576.4965083181346,60.0,230.0,14.0,632.7804434739077,Tecnología,Oriente,0
153,14488.176119150055,130.0,-10.0,1179.0,10.0,Servicios,Centro,1
154,0.22209532955637484,130.0,-10.0,1449.0,1200.0,Retail,Oriente,1
155,594.8967346028097,30.0,7.0,22.0,748.5500107431443,Retail,Norte,0
156,553.1054749044863,39.0,158.0,34.0,731.5608734131704,Retail,Centro,0
157,458.8656618962745,63.0,238.0,47.0,795.7644177074274,Servicios,Oriente,0
158,442.5076194905624,31.0,201.0,36.0,705.2850052693502,Retail,Oriente,0
159,480.8978154343927,59.0,136.0,42.0,741.860513961279,Retail,Centro,0
160,395.7143302562261,22.0,229.0,4.0,642.9674810104628,Retail,Norte,0
161,579.5199164462581,25.0,296.0,30.0,636.0025570628658,Servicios,Norte,0
162,358.80623366848374,47.0,265.0,38.0,701.1948932640634,Tecnología,Centro,0
163,287.0045528429446,69.0,100.0,22.0,686.8174911548051,Tecnología,Oriente,0
164,462.0508889187701,53.0,248.0,34.0,668.5328355389214,Servicios,Centro,0
165,535.5192787624519,45.0,322.0,35.0,651.0684473234938,Salud,Oriente,0
166,712.1515896295859,23.0,244.0,21.0,642.4027751525863,Tecnología,Oriente,0
167,311.35516932161113,61.0,103.0,23.0,672.339324314685,Servicios,Oriente,0
168,655.9073957343278,39.0,131.0,37.0,642.3771370388853,Tecnología,Sur,0
169,546.0072637224195,52.0,303.0,11.0,635.8907239608536,Tecnología,Oriente,0
170,416.12834857055043,32.0,263.0,49.0,682.3985855139741,Tecnología,Sur,0
171,349.80233430726327,56.0,176.0,25.0,579.34402950759,Tecnología,Centro,0
172,290.6496815630969,31.0,36.0,29.0,698.6761389143743,Retail,Sur,0
173,590.0541434967748,27.0,173.0,37.0,588.6226345175488,Tecnología,Sur,0
174,429.11515832438164,30.0,222.0,32.0,650.9022157294928,Tecnología,Centro,0
175,398.5206760679183,46.0,345.0,13.0,572.2704981589632,Servicios,Oriente,0
176,620.3309390365525,24.0,217.0,11.0,606.8371854463088,Servicios,Sur,0
177,609.9083050827215,20.0,289.0,11.0,501.4950746308434,Servicios,Norte,0
178,521.2875337564328,40.0,235.0,42.0,572.4481137809104,Salud,Oriente,0
179,354.0930891075043,69.0,203.0,34.0,718.576828284529,Servicios,Norte,0
180,561.3466177457042,22.0,57.0,38.0,612.8959646918852,Retail,Sur,0
181,529.7199081330732,20.0,339.0,40.0,620.2865811134345,Salud,Oriente,0
182,358.6035652262161,59.0,17.0,4.0,679.5486447759923,Retail,Sur,0
183,0.4922179930427565,5.0,5000.0,832.0,1200.0,Retail,Oriente,1
184,210.809364104015,29.0,144.0,43.0,574.676991821616,Retail,Oriente,0
185,591.5511778804324,53.0,302.0,26.0,822.6927208563867,Retail,Centro,0
186,529.85447717613,64.0,295.0,1.0,727.4180309423579,Salud,Sur,0
187,551.6361630749063,66.0,182.0,49.0,676.219717596156,Salud,Norte,0
188,344.4233206310287,39.0,75.0,11.0,579.0028940206272,Tecnología,Norte,0
189,462.8784152335714,28.0,180.0,43.0,625.2782107843001,Salud,Sur,0
190,627.9176276945173,22.0,192.0,33.0,675.9271377856038,Salud,Oriente,0
191,533.1529015194265,57.0,102.0,49.0,777.4329671298246,Tecnología,Norte,0
192,0.3469009397915501,130.0,-10.0,1141.0,1200.0,Tecnología,Centro,1
193,491.9656192522159,29.0,22.0,34.0,759.502770552285,Salud,Norte,0
194,259.57732495201833,20.0,328.0,25.0,621.8187972040184,Tecnología,Sur,0
195,576.4287540046652,60.0,283.0,15.0,636.6579412798411,Servicios,Norte,0
196,508.64402878790935,38.0,361.0,8.0,767.5949784752985,Servicios,Norte,0
197,562.5400706878535,48.0,32.0,26.0,646.4003833885595,Retail,Norte,0
198,473.3332763481472,32.0,35.0,10.0,667.2078508655229,Servicios,Sur,0
199,477.29067908763136,65.0,185.0,8.0,740.7031418051209,Retail,Sur,0
200,720.4296233985576,26.0,111.0,40.0,547.04740475709,Tecnología,Norte,0
201,393.4765213142528,30.0,22.0,12.0,771.7360362189568,Retail,Centro,0
202,423.334658210799,63.0,299.0,42.0,723.8111778230282,Retail,Oriente,0
203,400.79539436997266,34.0,26.0,30.0,686.3196505157567,Salud,Sur,0
204,320.6713256216832,31.0,134.0,26.0,637.5893495055525,Tecnología,Centro,0
205,477.0387215965928,51.0,300.0,38.0,722.4207521195164,Salud,Sur,0
206,552.6904014715492,65.0,15.0,42.0,850.0,Tecnología,Oriente,0
207,607.3055994216091,29.0,189.0,6.0,716.0570913140248,Servicios,Centro,0
208,253.9793478762773,61.0,79.0,18.0,693.9186299261529,Salud,Oriente,0
209,739.6755836897593,61.0,322.0,24.0,831.8393460783511,Servicios,Oriente,0
210,430.69533351732196,69.0,113.0,32.0,656.6174561490551,Salud,Norte,0
211,393.4239375519617,24.0,130.0,48.0,607.142810178448,Retail,Sur,0
212,359.35913688862206,28.0,2.0,32.0,654.4751480105921,Servicios,Centro,0
213,511.0551990120931,61.0,15.0,35.0,518.200296076205,Salud,Norte,0
214,298.05562740610344,22.0,162.0,5.0,570.4531913203905,Servicios,Norte,0
215,480.3868521770585,56.0,59.0,20.0,510.75976087777474,Salud,Centro,0
216,538.3280316549475,18.0,182.0,4.0,697.0912121389922,Retail,Sur,0
217,15169.820883356675,999.0,5000.0,615.0,10.0,Salud,Norte,1
218,334.13821815475524,33.0,55.0,48.0,534.6919360212758,Retail,Sur,0
219,490.2094676377855,56.0,161.0,32.0,841.4141378414593,Tecnología,Norte,0
220,489.6679217814742,57.0,358.0,7.0,606.1541653404141,Tecnología,Centro,0
221,0.390599055831001,999.0,5000.0,1351.0,10.0,Servicios,Norte,1
222,15039.225065388955,5.0,-10.0,592.0,1200.0,Servicios,Oriente,1
223,481.69729610571693,33.0,197.0,49.0,572.4159683907941,Retail,Centro,0
224,471.57796825883787,68.0,361.0,21.0,491.26854214968034,Retail,Oriente,0
225,550.4226318469924,60.0,174.0,24.0,622.2093733121175,Tecnología,Sur,0
226,540.8949689602528,36.0,222.0,23.0,709.9812442926499,Retail,Norte,0
227,579.8462130767343,66.0,239.0,8.0,547.1095970632967,Tecnología,Centro,0
228,627.1068486675586,66.0,72.0,26.0,690.0868346097973,Servicios,Sur,0
229,526.3259001636627,23.0,181.0,2.0,850.0,Retail,Sur,0
230,541.8531072855554,53.0,33.0,49.0,571.351845787338,Tecnología,Sur,0
231,528.2331333905917,34.0,176.0,6.0,749.0306950334984,Retail,Centro,0
232,285.59509863583065,61.0,87.0,1.0,569.1304865714947,Salud,Centro,0
233,440.0845281753018,25.0,239.0,5.0,681.5390119553624,Servicios,Norte,0
234,477.04348101420624,23.0,210.0,45.0,679.316091725724,Tecnología,Sur,0
235,554.4758695170435,46.0,159.0,14.0,710.9719393566949,Servicios,Norte,0
236,334.797662293243,63.0,138.0,26.0,655.0158642589371,Tecnología,Centro,0
237,514.0022970968873,65.0,19.0,6.0,611.7533553796941,Salud,Oriente,0
238,539.3594580456931,27.0,157.0,23.0,686.6847308969735,Retail,Norte,0
239,346.91764119944935,58.0,334.0,31.0,696.6486508526194,Servicios,Norte,0
240,556.9636506155842,34.0,207.0,31.0,590.4013649019487,Salud,Sur,0
241,555.1262926059934,67.0,33.0,26.0,653.4104819550197,Tecnología,Oriente,0
242,429.0675889770673,40.0,106.0,17.0,525.7994021359957,Servicios,Sur,0
243,459.72711582576244,50.0,178.0,27.0,667.3952332242609,Retail,Centro,0
244,436.46726871607115,35.0,44.0,23.0,562.0273323324527,Servicios,Centro,0
245,378.13051025509503,28.0,61.0,39.0,694.4116545555864,Retail,Norte,0
246,456.4335384121914,41.0,349.0,5.0,647.4130305043827,Tecnología,Norte,0
247,391.6487386295568,64.0,211.0,49.0,644.9193060449385,Tecnología,Oriente,0
248,600.6187044483614,58.0,336.0,30.0,660.1889980525189,Tecnología,Norte,0
249,549.5279133915186,66.0,192.0,9.0,649.1843107499963,Retail,Sur,0
250,484.2634963755986,32.0,41.0,18.0,573.3590719439017,Tecnología,Sur,0
251,675.3733150690642,26.0,136.0,18.0,698.2405482741341,Servicios,Centro,0
252,619.4841663079908,61.0,63.0,42.0,597.1144723354288,Servicios,Sur,0
253,564.9357932965438,22.0,201.0,39.0,583.3389926770203,Retail,Oriente,0
254,500.7606874834722,46.0,329.0,33.0,554.8895877121915,Servicios,Sur,0
255,537.6216616940235,68.0,183.0,23.0,653.5373602320146,Salud,Norte,0
256,493.16545505437654,24.0,115.0,19.0,752.9473810116402,Salud,Sur,0
257,457.0379974310685,52.0,56.0,8.0,577.9172776596039,Tecnología,Sur,0
258,549.7291319931196,20.0,315.0,40.0,665.4545263850558,Salud,Norte,0
259,352.9273083479302,21.0,205.0,17.0,704.1987873673115,Tecnología,Sur,0
260,515.3408483800742,57.0,110.0,37.0,693.6258609573648,Servicios,Centro,0
261,489.54869947369883,23.0,179.0,19.0,700.4990662453719,Tecnología,Oriente,0
262,326.2247288701943,50.0,267.0,44.0,619.5969550246243,Tecnología,Norte,0
263,559.6592892864517,63.0,63.0,42.0,601.7824509575822,Tecnología,Norte,0
264,693.3339378199545,40.0,258.0,11.0,644.1425340812942,Salud,Oriente,0
265,375.79062631512306,21.0,158.0,7.0,661.6504251475108,Tecnología,Sur,0
266,14969.167340396729,130.0,-10.0,1760.0,1200.0,Salud,Centro,1
267,450.15712877843777,20.0,276.0,18.0,657.8401531279507,Salud,Norte,0
268,412.509939470767,24.0,341.0,46.0,531.1550397415143,Salud,Centro,0
269,473.13694197434006,38.0,43.0,40.0,626.45218211782,Servicios,Centro,0
270,503.9338511451513,57.0,26.0,13.0,628.3682446323646,Salud,Centro,0
271,431.4867606173847,25.0,73.0,30.0,716.7620437895246,Retail,Sur,0
272,576.2181136177285,35.0,194.0,40.0,658.6027344042908,Retail,Sur,0
273,805.9193543128404,34.0,143.0,46.0,649.394616269508,Tecnología,Norte,0
274,510.98242138078496,68.0,278.0,46.0,755.8003465218497,Salud,Centro,0
275,671.9857407927407,63.0,341.0,15.0,614.7593711321605,Tecnología,Norte,0
276,565.1785121966234,27.0,37.0,14.0,695.2122703047816,Salud,Oriente,0
277,674.6054691524853,33.0,273.0,9.0,786.5414112335179,Tecnología,Centro,0
278,600.8369764948875,21.0,138.0,21.0,715.5011160277953,Servicios,Sur,0
279,307.7288550729289,56.0,279.0,46.0,618.9769635560567,Tecnología,Centro,0
280,466.98292985279795,51.0,252.0,31.0,702.8029993432268,Retail,Norte,0
281,577.698162885137,27.0,221.0,31.0,761.930910535687,Salud,Centro,0
282,15245.303451227945,5.0,5000.0,706.0,1200.0,Retail,Oriente,1
283,749.2376634864504,65.0,83.0,11.0,729.6431462530146,Salud,Centro,0
284,448.6006613404271,36.0,126.0,21.0,700.0540457276923,Salud,Norte,0
285,507.9854979031046,66.0,191.0,32.0,578.7983400189117,Tecnología,Sur,0
286,501.44638167221905,41.0,209.0,21.0,719.7580399775206,Retail,Sur,0
287,584.2344351465524,55.0,264.0,33.0,643.0636239326301,Retail,Norte,0
288,575.7545871006248,42.0,311.0,20.0,612.9955426940336,Retail,Centro,0
289,524.2767430197432,45.0,228.0,42.0,665.8045026022003,Servicios,Oriente,0
290,343.6817459798643,21.0,15.0,19.0,606.6396877179224,Servicios,Norte,0
291,378.97567496682706,61.0,155.0,8.0,669.574554038988,Servicios,Oriente,0
292,556.5846227054167,36.0,288.0,15.0,743.2537671907055,Retail,Norte,0
293,591.2159702451024,56.0,207.0,26.0,713.2272465427764,Retail,Norte,0
294,528.2538041971916,26.0,62.0,37.0,664.6331784102964,Servicios,Centro,0
295,322.77706197851217,32.0,315.0,25.0,528.2240579846857,Retail,Sur,0
296,428.67195773615174,34.0,205.0,11.0,621.6329962198913,Tecnología,Norte,0
297,605.4140361568727,66.0,29.0,49.0,670.1483532236005,Salud,Oriente,0
298,346.0838419687374,40.0,273.0,30.0,606.4973756517821,Servicios,Oriente,0
299,309.2519008029237,48.0,46.0,37.0,613.3534558665498,Salud,Sur,0
300,454.1914527202005,19.0,139.0,31.0,692.4555150419786,Retail,Sur,0
301,459.813796401707,56.0,17.0,8.0,702.835405323875,Tecnología,Sur,0
302,532.269613721432,34.0,101.0,29.0,634.2801263681514,Servicios,Sur,0
303,443.4170231060061,24.0,148.0,31.0,683.3094518511164,Salud,Norte,0
304,590.1042786477512,57.0,305.0,16.0,753.2823244147309,Salud,Norte,0
305,543.6145205406888,64.0,72.0,47.0,740.68549623005,Retail,Centro,0
306,462.9592333344305,54.0,101.0,2.0,627.5945098495299,Salud,Centro,0
307,450.68873229995154,60.0,74.0,23.0,513.2619116871875,Tecnología,Oriente,0
308,563.607764672176,38.0,264.0,17.0,608.6388620036512,Servicios,Centro,0
309,387.06534848900503,39.0,233.0,9.0,650.8786314065921,Tecnología,Oriente,0
310,369.873431331996,62.0,296.0,12.0,698.8675933128684,Salud,Centro,0
311,632.7192043888758,21.0,68.0,17.0,583.7932607412271,Retail,Norte,0
312,652.9336660329486,19.0,140.0,13.0,762.8129596241549,Servicios,Norte,0
313,543.4306224714612,26.0,315.0,13.0,603.852122148135,Retail,Oriente,0
314,677.7746657190768,42.0,307.0,37.0,702.1232496515167,Salud,Centro,0
315,630.2344405335092,35.0,12.0,29.0,652.9184604491385,Servicios,Centro,0
316,446.89571457293795,33.0,236.0,28.0,601.8831350752795,Servicios,Oriente,0
317,689.4909507692522,66.0,123.0,15.0,574.4837180222398,Tecnología,Sur,0
318,660.3423320014605,30.0,293.0,10.0,653.6846510861692,Tecnología,Centro,0
319,346.4190850831975,57.0,269.0,34.0,659.110015531361,Retail,Centro,0
320,401.43359849307365,63.0,337.0,19.0,620.8498165685406,Tecnología,Norte,0
321,848.6080603088488,19.0,266.0,3.0,776.6263557418667,Servicios,Oriente,0
322,584.821956907886,30.0,229.0,26.0,661.6411844268476,Salud,Oriente,0
323,501.37415500047854,45.0,350.0,18.0,617.7773647115008,Servicios,Norte,0
324,517.0910883284678,62.0,292.0,4.0,562.5683807121001,Servicios,Oriente,0
325,326.47305747338544,38.0,143.0,25.0,505.34847625034035,Servicios,Centro,0
326,444.95896580728004,31.0,67.0,49.0,607.193027729863,Retail,Sur,0
327,633.7510933492853,32.0,47.0,25.0,658.1977893682525,Retail,Oriente,0
328,387.96587839881477,47.0,161.0,8.0,687.4255826327726,Retail,Norte,0
329,508.65554092566435,57.0,282.0,33.0,773.4794284811643,Tecnología,Sur,0
330,378.35391602715214,51.0,195.0,28.0,828.7508996958145,Servicios,Sur,0
331,449.20420255470157,50.0,79.0,6.0,654.3002050392402,Tecnología,Norte,0
332,501.3734526909759,49.0,266.0,21.0,711.5916785019812,Tecnología,Centro,0
333,553.5837411235933,55.0,47.0,39.0,654.5197353594587,Tecnología,Centro,0
334,15181.631539623766,5.0,5000.0,1259.0,1200.0,Salud,Norte,1
335,493.85634658200837,36.0,77.0,17.0,594.4765340913887,Retail,Sur,0
336,349.9621353292224,64.0,272.0,20.0,694.4729625039554,Servicios,Norte,0
337,660.2941203584279,49.0,292.0,6.0,678.7036867125004,Retail,Sur,0
338,515.7782980166543,31.0,285.0,2.0,667.2963741058151,Servicios,Centro,0
339,297.5198679250364,50.0,358.0,48.0,576.7900272416399,Tecnología,Norte,0
340,593.3350322514738,47.0,37.0,21.0,674.3069940510051,Servicios,Sur,0
341,370.1087363134056,58.0,52.0,17.0,636.8988716702239,Tecnología,Norte,0
342,527.8593587680064,28.0,40.0,14.0,666.4328421569008,Retail,Norte,0
343,420.13883512535665,53.0,275.0,30.0,441.8489347958649,Retail,Sur,0
344,437.80641891604705,66.0,304.0,45.0,689.6896566471029,Salud,Centro,0
345,546.1941159327035,69.0,2.0,44.0,582.2604725692784,Retail,Sur,0
346,276.81975121452456,46.0,51.0,22.0,797.3004491541524,Servicios,Oriente,0
347,580.1991221729596,23.0,180.0,27.0,669.9130878940024,Tecnología,Centro,0
348,296.9644820996284,23.0,227.0,46.0,637.4862816685361,Tecnología,Centro,0
349,391.7092286248985,35.0,172.0,24.0,608.9090991428072,Retail,Norte,0
350,485.7634008668141,29.0,55.0,46.0,700.6737232821879,Tecnología,Centro,0
351,0.6573033502663661,130.0,-10.0,736.0,10.0,Retail,Centro,1
352,522.5568304983325,69.0,326.0,8.0,681.123007234701,Retail,Sur,0
353,519.1989936288126,33.0,271.0,33.0,754.0926678921625,Servicios,Centro,0
354,371.3440374287769,23.0,193.0,15.0,505.23064248662166,Servicios,Sur,0
355,546.5243769514418,20.0,171.0,36.0,535.6947652618977,Retail,Norte,0
356,353.31508249521164,44.0,305.0,36.0,680.501711206478,Retail,Sur,0
357,454.8612714523881,43.0,252.0,45.0,538.5062012507062,Tecnología,Norte,0
358,421.6500626402345,66.0,273.0,27.0,615.309801187665,Salud,Norte,0
359,354.0127820742647,18.0,334.0,15.0,683.5571914282599,Tecnología,Norte,0
360,456.5875427066994,36.0,167.0,6.0,603.0787479264029,Tecnología,Norte,0
361,396.8849044540114,69.0,154.0,46.0,613.8439216117193,Salud,Oriente,0
362,612.8677659669456,46.0,214.0,43.0,585.4974543452253,Servicios,Sur,0
363,468.0993449701545,44.0,13.0,23.0,493.1323521224374,Salud,Centro,0
364,552.1719289359943,32.0,158.0,9.0,585.5205112934561,Retail,Centro,0
365,219.9660656182034,51.0,356.0,5.0,614.6471986336248,Salud,Norte,0
366,484.2696019174728,59.0,133.0,10.0,599.4331341752871,Servicios,Centro,0
367,779.3183720415302,61.0,198.0,24.0,775.5998787999157,Tecnología,Centro,0
368,521.1888030144453,27.0,142.0,39.0,685.0124538827445,Tecnología,Norte,0
369,498.5498419054079,38.0,126.0,13.0,681.4583821587862,Salud,Oriente,0
370,418.6082671813788,38.0,298.0,29.0,635.3361954858192,Tecnología,Norte,0
371,657.1460821832633,64.0,257.0,46.0,739.5517729598704,Retail,Norte,0
372,718.4775389176161,51.0,332.0,37.0,670.9136330183975,Servicios,Oriente,0
373,541.9220747072516,46.0,6.0,42.0,569.3352890980591,Retail,Oriente,0
374,397.6347286911704,55.0,78.0,49.0,657.0294109664582,Salud,Sur,0
375,359.412004540959,66.0,319.0,18.0,576.1216176053357,Retail,Oriente,0
376,646.7049606408837,19.0,66.0,48.0,561.1255123827424,Retail,Norte,0
377,528.1281071238435,39.0,246.0,3.0,634.7942661679405,Servicios,Centro,0
378,529.0996149525466,31.0,37.0,13.0,613.5075043107714,Retail,Centro,0
379,0.5896284289253413,999.0,-10.0,909.0,10.0,Tecnología,Norte,1
380,553.7376460067253,41.0,2.0,37.0,655.404438726466,Salud,Norte,0
381,15392.477144343959,130.0,-10.0,965.0,10.0,Tecnología,Centro,1
382,366.3934349693782,43.0,115.0,1.0,772.9886041518241,Retail,Oriente,0
383,225.04525896822798,63.0,289.0,22.0,691.3362254918773,Tecnología,Centro,0
384,498.3623849845644,20.0,229.0,24.0,726.3478663273359,Tecnología,Oriente,0
385,577.2726551932229,37.0,181.0,3.0,810.8740889920412,Salud,Sur,0
386,480.48008953461107,63.0,153.0,24.0,656.87947845981,Servicios,Centro,0
387,490.4338146912321,38.0,71.0,36.0,477.5193595152497,Salud,Sur,0
388,629.1488188959663,67.0,227.0,18.0,695.6939253032838,Tecnología,Oriente,0
389,547.6389565398608,53.0,362.0,31.0,607.3184379453696,Salud,Oriente,0
390,212.6887634119434,47.0,159.0,1.0,505.96170466126557,Salud,Oriente,0
391,366.74831787026267,37.0,73.0,2.0,613.5615000916146,Tecnología,Oriente,0
392,551.4507726153936,56.0,165.0,45.0,600.7059932660381,Retail,Norte,0
393,679.8049328356078,57.0,305.0,19.0,612.8495686243641,Retail,Sur,0
394,210.4663602884612,39.0,171.0,41.0,501.45516784478673,Retail,Oriente,0
395,441.6430509112003,43.0,218.0,5.0,675.5275867218859,Retail,Centro,0
396,582.8582424881322,59.0,357.0,12.0,534.2396338867987,Retail,Centro,0
397,663.663467577669,60.0,336.0,9.0,640.8542265596202,Tecnología,Sur,0
398,687.7661626003885,48.0,156.0,16.0,659.8992011529112,Tecnología,Oriente,0
399,366.5106233619898,46.0,69.0,7.0,661.0564103482624,Retail,Centro,0
400,602.9571057508584,41.0,32.0,20.0,850.0,Servicios,Norte,0
401,478.4928049460294,35.0,350.0,2.0,736.5881543833389,Servicios,Oriente,0
402,335.8208960905202,45.0,341.0,30.0,552.6717027768476,Retail,Sur,0
403,537.979311400797,43.0,191.0,4.0,676.5596394765548,Tecnología,Centro,0
404,465.6532460191197,59.0,274.0,46.0,595.2355180656159,Tecnología,Oriente,0
405,312.1089113383383,52.0,281.0,44.0,513.0821472215632,Servicios,Oriente,0
406,242.32531643136144,47.0,47.0,6.0,588.531547236167,Servicios,Centro,0
407,557.6895990687091,59.0,172.0,6.0,629.0750479146878,Tecnología,Centro,0
408,635.3622628819163,41.0,72.0,5.0,682.0247926647738,Retail,Norte,0
409,502.62225746281314,26.0,165.0,29.0,592.8944402225031,Salud,Norte,0
410,542.8245270979411,30.0,202.0,13.0,681.2363945643106,Tecnología,Oriente,0
411,390.1812660984889,50.0,244.0,5.0,594.7907567078444,Tecnología,Centro,0
412,487.5814078320847,34.0,355.0,32.0,660.1493581036674,Servicios,Oriente,0
413,372.51027057685246,56.0,47.0,7.0,586.4765166640917,Salud,Sur,0
414,536.5660495705317,50.0,124.0,22.0,626.8099507620104,Retail,Centro,0
415,14695.816252047991,130.0,-10.0,1528.0,1200.0,Tecnología,Centro,1
416,596.4302023254322,56.0,340.0,6.0,776.0542073736528,Salud,Sur,0
417,620.2094477181809,18.0,336.0,16.0,620.3431692421516,Salud,Oriente,0
418,516.5889718470419,37.0,29.0,24.0,628.1036803345785,Salud,Sur,0
419,552.1861125756377,61.0,83.0,37.0,711.2764362180986,Retail,Centro,0
420,675.5963469463475,28.0,135.0,38.0,689.7074427472585,Salud,Oriente,0
421,642.9371543706638,67.0,180.0,26.0,634.4016091104171,Salud,Oriente,0
422,461.1449954856079,58.0,316.0,31.0,765.7646956824882,Servicios,Sur,0
423,527.9211453625645,35.0,99.0,25.0,512.8411283603102,Servicios,Oriente,0
424,397.6107979329416,21.0,233.0,22.0,792.2656725375858,Salud,Sur,0
425,597.5121545304373,51.0,54.0,1.0,643.0432019515183,Tecnología,Sur,0
426,365.91390644124704,56.0,154.0,1.0,715.5283335129711,Retail,Sur,0
427,811.7208471914998,38.0,62.0,41.0,593.7796032143037,Servicios,Centro,0
428,688.8025882970292,25.0,163.0,5.0,694.0739504714833,Tecnología,Centro,0
429,618.7500721513824,20.0,142.0,44.0,615.2240421021493,Tecnología,Sur,0
430,361.23828076816005,52.0,107.0,25.0,666.1075882571938,Salud,Norte,0
431,402.4470685627609,24.0,276.0,20.0,735.4769653795438,Salud,Sur,0
432,426.32278383285234,37.0,76.0,9.0,666.3765348816424,Salud,Centro,0
433,637.7375192880277,62.0,127.0,4.0,632.8962510520035,Retail,Centro,0
434,530.6256100227049,26.0,247.0,14.0,676.5233356106954,Tecnología,Sur,0
435,585.658416377888,28.0,40.0,35.0,762.905358870137,Retail,Oriente,0
436,601.3262228582385,35.0,47.0,41.0,555.1852335574146,Servicios,Oriente,0
437,506.3786417093441,27.0,212.0,10.0,459.49861279024634,Tecnología,Sur,0
438,528.9991663785006,18.0,142.0,16.0,677.1846859592345,Retail,Oriente,0
439,656.005351363875,42.0,362.0,8.0,746.2160645228917,Tecnología,Oriente,0
440,322.335618492198,52.0,18.0,28.0,460.22435775491886,Servicios,Oriente,0
441,641.2894266773233,61.0,241.0,40.0,724.2193919640964,Servicios,Sur,0
442,518.974290188613,52.0,64.0,17.0,664.056036493188,Tecnología,Centro,0
443,604.5714533537828,69.0,168.0,14.0,610.5225432676899,Salud,Sur,0
444,677.113885766421,50.0,69.0,34.0,610.6767339074268,Servicios,Centro,0
445,659.4752708524387,27.0,290.0,27.0,662.0064904276019,Retail,Norte,0
446,625.9008345729619,57.0,47.0,10.0,497.2189675402975,Tecnología,Centro,0
447,468.03350119892536,45.0,244.0,17.0,523.4266387098465,Tecnología,Sur,0
448,392.63275772530085,62.0,206.0,43.0,819.6914722106934,Servicios,Centro,0
449,16016.168512355169,999.0,5000.0,1307.0,1200.0,Retail,Sur,1
450,584.199637770748,60.0,342.0,46.0,689.6218356854879,Tecnología,Norte,0
451,459.3160308919325,42.0,231.0,15.0,660.5499050496921,Salud,Sur,0
452,616.1934025509777,44.0,363.0,2.0,539.668059892113,Servicios,Centro,0
453,306.1209992815186,35.0,303.0,25.0,498.1748400080179,Salud,Centro,0
454,406.4621123929496,27.0,215.0,22.0,615.3413874701583,Retail,Oriente,0
455,454.6204935152732,38.0,211.0,49.0,712.1658367192719,Salud,Oriente,0
456,658.47939866338,24.0,225.0,45.0,648.6530621013259,Servicios,Oriente,0
457,464.7465295817444,41.0,120.0,28.0,685.1612915433143,Retail,Norte,0
458,588.8017083565203,23.0,283.0,27.0,612.4107800624342,Servicios,Norte,0
459,0.49008193842361214,5.0,-10.0,1700.0,10.0,Tecnología,Oriente,1
460,607.4221978366023,30.0,154.0,25.0,658.5684024007577,Servicios,Sur,0
461,534.2991367523051,46.0,311.0,41.0,698.3994700543099,Retail,Oriente,0
462,492.6410785005383,60.0,75.0,39.0,523.5728545723572,Tecnología,Oriente,0
463,400.8524640363257,18.0,245.0,29.0,644.3989712949759,Servicios,Centro,0
464,679.3929573481275,37.0,192.0,20.0,803.3155901388328,Servicios,Sur,0
465,0.4073110772749208,5.0,5000.0,1444.0,10.0,Servicios,Centro,1
466,518.8458280934414,67.0,301.0,24.0,586.0955404085614,Retail,Centro,0
467,600.2133495097494,55.0,128.0,40.0,666.9109180038614,Tecnología,Norte,0
468,532.6843706329088,62.0,168.0,4.0,671.4530224764253,Retail,Centro,0
469,596.8409938333365,33.0,296.0,42.0,511.2310802450244,Servicios,Sur,0
470,684.290719039519,50.0,2.0,35.0,581.9344302093846,Salud,Sur,0
471,437.5293904573507,59.0,293.0,18.0,727.4399043643092,Retail,Sur,0
472,534.6943278427981,35.0,73.0,26.0,708.9469224736041,Servicios,Centro,0
473,536.5240074836312,21.0,162.0,30.0,472.4420593101558,Servicios,Norte,0
474,628.066689988638,57.0,228.0,8.0,732.2064856443058,Tecnología,Centro,0
475,0.8601981201377473,130.0,-10.0,919.0,1200.0,Servicios,Centro,1
476,469.5946917262382,41.0,257.0,2.0,606.6413279819046,Tecnología,Centro,0
477,477.1218730993809,50.0,341.0,38.0,804.8304946823288,Retail,Centro,0
478,597.6516427959452,65.0,352.0,4.0,733.9598884690655,Servicios,Norte,0
479,505.30548537250377,58.0,280.0,23.0,696.1366689234721,Salud,Centro,0
480,244.1544463122429,41.0,285.0,8.0,608.0981777167012,Servicios,Oriente,0
481,541.7250142941149,55.0,64.0,36.0,657.1674213894747,Servicios,Oriente,0
482,501.3711266672791,46.0,336.0,23.0,475.0846416999546,Servicios,Sur,0
483,393.3443224122898,28.0,272.0,44.0,646.3553498596367,Retail,Norte,0
484,381.25542559617634,42.0,79.0,45.0,826.5220245712321,Retail,Norte,0
485,415.4392084556141,38.0,163.0,25.0,704.7230330493906,Tecnología,Oriente,0
486,433.3607337417181,40.0,138.0,9.0,645.6236450520584,Salud,Oriente,0
487,593.8820410901194,52.0,114.0,44.0,610.5422523595272,Servicios,Oriente,0
488,494.00889068164963,44.0,50.0,36.0,537.6166761911738,Servicios,Sur,0
489,445.4019823591064,48.0,333.0,11.0,585.2437016722138,Salud,Sur,0
490,470.5086199984518,57.0,82.0,11.0,775.2623624962604,Tecnología,Norte,0
491,709.2721431401351,53.0,75.0,34.0,589.9998611001191,Retail,Norte,0
492,222.78758760408272,26.0,71.0,6.0,454.86002891419076,Servicios,Oriente,0
493,546.9517591919882,42.0,136.0,40.0,687.2397419333024,Retail,Norte,0
494,507.9236837073459,31.0,151.0,32.0,642.6767984465433,Tecnología,Centro,0
495,599.5422850428888,65.0,58.0,9.0,517.208969486425,Retail,Centro,0
496,260.83275547350127,35.0,314.0,21.0,674.7039421478532,Salud,Centro,0
497,373.65217871552613,56.0,195.0,13.0,685.7329212223123,Salud,Norte,0
498,628.2165867186845,51.0,73.0,37.0,717.5149513242684,Servicios,Sur,0
499,457.74397394141243,45.0,132.0,23.0,548.8366406441669,Servicios,Norte,0
500,693.3124394014274,38.0,125.0,28.0,595.6816548518415,Retail,Oriente,0
501,495.1084968637479,69.0,15.0,15.0,667.9437845745275,Tecnología,Norte,0
502,435.3474418858708,33.0,110.0,34.0,792.583503416377,Retail,Oriente,0
503,401.0622541170512,36.0,12.0,27.0,644.4160971390289,Tecnología,Oriente,0
504,520.7105501266543,25.0,10.0,30.0,608.2769084170893,Servicios,Sur,0
505,345.50929024711627,30.0,104.0,44.0,688.8065413651303,Servicios,Oriente,0
506,289.1933861025701,52.0,131.0,9.0,672.1566940175492,Retail,Centro,0
507,567.0258751129068,27.0,98.0,12.0,644.9344112231232,Salud,Norte,0
508,630.7060996052951,42.0,242.0,18.0,728.4152697337457,Servicios,Sur,0
509,469.6979198836442,42.0,103.0,48.0,784.5906868272078,Tecnología,Centro,0
510,488.3256081903813,61.0,340.0,4.0,669.7346519688596,Retail,Centro,0
511,522.2390779298458,38.0,159.0,46.0,502.6092430375462,Salud,Centro,0
512,504.6695848281752,21.0,150.0,30.0,680.7814835363994,Salud,Sur,0
513,363.18068970485234,67.0,22.0,21.0,558.7834514679073,Salud,Centro,0
514,493.54609390180156,63.0,39.0,30.0,750.7291879467789,Retail,Norte,0
515,506.29601580274925,65.0,295.0,44.0,700.5019784097261,Salud,Centro,0
516,695.472433714879,41.0,174.0,22.0,747.418014996091,Tecnología,Oriente,0
517,384.9340879005201,39.0,65.0,13.0,684.7207858760086,Tecnología,Norte,0
518,357.34843348125787,23.0,117.0,37.0,722.8990435655157,Retail,Oriente,0
519,640.5496512160784,20.0,278.0,11.0,651.070065017269,Salud,Centro,0
520,593.2805091274092,44.0,169.0,48.0,748.3500574120084,Salud,Sur,0
521,565.811350499576,33.0,82.0,34.0,483.19773626560976,Tecnología,Norte,0
522,0.1450113910842546,5.0,5000.0,1499.0,1200.0,Salud,Oriente,1
523,706.8398864939957,22.0,321.0,24.0,654.1358657142891,Salud,Norte,0
524,436.4608749123437,24.0,120.0,25.0,670.5326984569809,Tecnología,Norte,0
525,446.17229503659746,32.0,71.0,13.0,764.8795214214172,Retail,Sur,0
526,656.720209004819,40.0,88.0,47.0,749.776913691396,Salud,Oriente,0
527,315.93663141006346,69.0,157.0,9.0,705.79906495368,Salud,Centro,0
528,479.09927194340503,21.0,278.0,48.0,623.6632481312794,Salud,Sur,0
529,520.6352398924472,63.0,160.0,1.0,584.6565456583795,Tecnología,Sur,0
530,425.64008790456637,58.0,88.0,23.0,716.1738239696978,Servicios,Centro,0
531,529.8843346768331,46.0,64.0,3.0,584.7338681612454,Retail,Norte,0
532,531.4442974489257,66.0,206.0,40.0,717.1654472619401,Servicios,Centro,0
533,417.39532613230887,42.0,327.0,42.0,730.6934684763871,Servicios,Sur,0
534,0.38577281712805256,999.0,-10.0,1085.0,1200.0,Servicios,Norte,1
535,526.2426316074816,62.0,42.0,13.0,754.6597285503929,Tecnología,Oriente,0
536,707.4794409062845,24.0,307.0,27.0,554.1929368772675,Servicios,Oriente,0
537,617.9287413227669,31.0,20.0,43.0,850.0,Tecnología,Sur,0
538,569.5473370971773,29.0,67.0,15.0,666.9168121891133,Retail,Norte,0
539,553.5286641778497,67.0,248.0,38.0,676.6025850478113,Salud,Norte,0
540,544.2500940898999,25.0,190.0,4.0,596.7297831103651,Servicios,Norte,0
541,464.3211964762837,56.0,19.0,17.0,640.2332889622886,Salud,Centro,0
542,581.4696275686274,30.0,149.0,2.0,618.2468927009767,Retail,Norte,0
543,15362.853991659362,5.0,5000.0,1697.0,10.0,Retail,Oriente,1
544,541.3574271483263,57.0,171.0,10.0,694.2461429620196,Tecnología,Centro,0
545,533.3772471745552,42.0,270.0,26.0,563.1172357572682,Salud,Centro,0
546,526.769569115033,54.0,261.0,12.0,588.073129201436,Tecnología,Oriente,0
547,554.5304405857236,19.0,345.0,38.0,502.2930391103616,Tecnología,Sur,0
548,15838.297399122848,999.0,-10.0,697.0,10.0,Tecnología,Centro,1
549,527.3873996166686,27.0,176.0,2.0,713.2314781572937,Salud,Sur,0
550,563.8771022664018,40.0,89.0,7.0,792.1746272206179,Tecnología,Norte,0
551,557.8480202630631,26.0,331.0,8.0,752.9272105029786,Servicios,Oriente,0
552,371.6297106452372,62.0,228.0,21.0,773.9912452903301,Servicios,Centro,0
553,484.9989163616507,21.0,226.0,41.0,709.9565612325251,Servicios,Centro,0
554,465.51399661409886,41.0,358.0,35.0,580.6867089072449,Retail,Centro,0
555,399.1812227644966,25.0,324.0,45.0,660.3943883332859,Servicios,Norte,0
556,0.9835611072232893,5.0,-10.0,1682.0,1200.0,Retail,Sur,1
557,566.4939801588912,69.0,142.0,48.0,775.7068652865894,Retail,Norte,0
558,384.54906603900474,34.0,238.0,32.0,617.1572809587988,Tecnología,Oriente,0
559,0.3841119828836601,5.0,-10.0,1425.0,1200.0,Tecnología,Oriente,1
560,226.31145855536926,65.0,272.0,33.0,421.0785303919462,Salud,Sur,0
561,435.98571834023306,61.0,132.0,21.0,516.5572320088722,Salud,Centro,0
562,367.15451815478144,23.0,310.0,41.0,620.1272850540894,Tecnología,Sur,0
563,636.3258420266513,43.0,97.0,7.0,581.7649745766182,Salud,Centro,0
564,477.47948108858577,29.0,70.0,14.0,733.1495235934842,Retail,Centro,0
565,319.6995852750924,65.0,25.0,32.0,760.2188989019795,Retail,Oriente,0
566,0.6612200433600273,5.0,-10.0,883.0,10.0,Servicios,Sur,1
567,473.41566611230394,26.0,300.0,29.0,620.7426571483032,Salud,Norte,0
568,14331.228153353553,999.0,-10.0,1903.0,10.0,Tecnología,Sur,1
569,755.4163678922198,33.0,38.0,30.0,724.9255484685431,Servicios,Centro,0
570,423.6061660277317,23.0,258.0,31.0,699.9347417975627,Servicios,Sur,0
571,299.03804663547714,53.0,67.0,11.0,717.7043249846183,Tecnología,Centro,0
572,399.5043915097769,27.0,277.0,18.0,767.8730465153405,Retail,Centro,0
573,424.6894956275696,44.0,47.0,30.0,674.753027180794,Retail,Oriente,0
574,230.3277733590973,56.0,97.0,26.0,603.1697198421565,Retail,Norte,0
575,528.5282722798734,37.0,340.0,12.0,719.665821629331,Salud,Oriente,0
576,802.0968845040704,51.0,89.0,17.0,728.3668272924779,Tecnología,Norte,0
577,301.7889022184879,44.0,131.0,18.0,751.3043645735493,Salud,Sur,0
578,588.5018682160504,49.0,149.0,41.0,599.6524412532397,Servicios,Norte,0
579,399.51221314070455,22.0,87.0,2.0,673.2586542293458,Retail,Norte,0
580,662.4303067483277,24.0,356.0,36.0,580.7248092934171,Retail,Oriente,0
581,471.27732470323707,53.0,207.0,20.0,627.6258535093685,Retail,Norte,0
582,461.63945403712387,56.0,275.0,12.0,570.5041698314814,Retail,Centro,0
583,375.7215496609026,51.0,338.0,49.0,669.9147128317327,Tecnología,Oriente,0
584,452.75105933305133,55.0,223.0,48.0,739.8475704353232,Retail,Oriente,0
585,0.9985477733277037,5.0,5000.0,1122.0,10.0,Retail,Norte,1
586,353.74243274916466,57.0,352.0,13.0,570.068408693519,Salud,Norte,0
587,582.2898842329594,25.0,108.0,49.0,716.8301595121785,Retail,Norte,0
588,367.55111626615917,20.0,339.0,27.0,703.1433841644508,Tecnología,Sur,0
589,497.98386109948535,45.0,10.0,7.0,727.2136394182933,Servicios,Sur,0
590,449.02715266482903,44.0,40.0,9.0,630.8306275652283,Tecnología,Oriente,0
591,486.326305081415,42.0,292.0,11.0,586.8010916905918,Salud,Sur,0
592,734.1215072151559,65.0,172.0,40.0,672.1131491403004,Retail,Sur,0
593,381.5771505886115,58.0,190.0,7.0,577.7994794845366,Tecnología,Centro,0
594,460.57697322525274,60.0,14.0,40.0,727.6805068767351,Retail,Centro,0
595,785.9122739220888,41.0,212.0,26.0,593.9932776283289,Salud,Oriente,0
596,491.8423692818714,21.0,100.0,10.0,482.06349259510046,Retail,Norte,0
597,375.8830337990721,34.0,154.0,3.0,584.1838381536719,Salud,Norte,0
598,598.0131040640949,40.0,180.0,27.0,659.5037231922322,Retail,Centro,0
599,527.8603867551507,60.0,42.0,41.0,590.4301314849149,Tecnología,Sur,0
600,455.3702502414452,45.0,231.0,17.0,738.3952391166181,Tecnología,Norte,0
601,465.813912034091,54.0,140.0,32.0,697.0962622572121,Salud,Centro,0
602,480.9638195553574,30.0,354.0,4.0,621.8780211885365,Retail,Norte,0
603,341.98037467301106,60.0,30.0,36.0,635.6047929693356,Retail,Oriente,0
604,378.1918513125421,66.0,125.0,34.0,631.1879482708451,Retail,Sur,0
605,546.2045525187322,54.0,135.0,12.0,733.6512096167412,Salud,Centro,0
606,397.81553729770786,62.0,194.0,46.0,696.7335258681832,Retail,Oriente,0
607,483.10509363003376,43.0,94.0,32.0,619.7568566614818,Retail,Sur,0
608,426.54838411282304,18.0,194.0,18.0,837.0276095337732,Tecnología,Oriente,0
609,447.1217094116309,57.0,160.0,43.0,578.200562331627,Salud,Centro,0
610,481.87377468716846,26.0,144.0,23.0,615.79485083263,Salud,Oriente,0
611,462.7419228564868,55.0,332.0,30.0,782.5900896185997,Retail,Sur,0
612,310.2086720655269,58.0,289.0,31.0,647.3117248035087,Tecnología,Sur,0
613,251.24198768104498,49.0,197.0,49.0,711.5172697258996,Servicios,Centro,0
614,587.6929629366374,59.0,43.0,11.0,716.1125847914607,Servicios,Centro,0
615,521.9881324666287,38.0,207.0,16.0,563.793340191703,Salud,Centro,0
616,663.1025090288524,67.0,240.0,45.0,586.1477313796133,Tecnología,Norte,0
617,320.40335721160085,38.0,22.0,34.0,674.1806574788369,Retail,Norte,0
618,297.72832191382304,24.0,55.0,11.0,707.039794027608,Servicios,Sur,0
619,532.1253754812603,31.0,205.0,49.0,683.7831215300288,Tecnología,Sur,0
620,15690.639507779462,130.0,-10.0,909.0,1200.0,Servicios,Oriente,1
621,452.64738525684925,48.0,99.0,2.0,501.0012197900164,Servicios,Oriente,0
622,564.5641327913901,68.0,26.0,35.0,521.3451351030767,Servicios,Sur,0
623,531.5299070176566,28.0,126.0,41.0,688.2088583805416,Tecnología,Oriente,0
624,192.0009870882443,42.0,238.0,35.0,606.2769765577298,Tecnología,Centro,0
625,478.446630340225,64.0,71.0,28.0,600.8732179724506,Tecnología,Sur,0
626,526.3996020766118,19.0,107.0,48.0,566.2170282892952,Servicios,Sur,0
627,632.7546452071866,61.0,170.0,11.0,590.9298735298314,Retail,Centro,0
628,510.87018882820945,62.0,55.0,43.0,612.5259441680433,Tecnología,Sur,0
629,421.48600679749336,57.0,290.0,15.0,615.1415929466608,Tecnología,Sur,0
630,368.38573058544324,33.0,258.0,42.0,563.795093690614,Retail,Centro,0
631,523.7348098330223,39.0,188.0,22.0,614.3144497232933,Servicios,Oriente,0
632,464.08823553376925,20.0,101.0,44.0,574.4461697277527,Tecnología,Oriente,0
633,388.810887031337,57.0,126.0,34.0,689.1507151150727,Tecnología,Centro,0
634,598.4634170500902,25.0,304.0,48.0,703.4844274605389,Salud,Oriente,0
635,192.23067898153192,25.0,289.0,37.0,648.3434908715013,Servicios,Sur,0
636,645.502260419792,62.0,9.0,3.0,573.4530629696283,Tecnología,Sur,0
637,662.0750145143188,34.0,2.0,14.0,710.0118610585866,Retail,Centro,0
638,416.4868865995156,23.0,137.0,39.0,736.4684963960697,Retail,Sur,0
639,490.432452337183,18.0,76.0,32.0,504.29197264602897,Servicios,Oriente,0
640,459.5209805517793,65.0,256.0,43.0,646.6052951936714,Servicios,Norte,0
641,507.24631141093005,61.0,322.0,16.0,721.1301854021606,Retail,Norte,0
642,556.5363552079915,53.0,124.0,8.0,543.5298197909208,Salud,Centro,0
643,474.7171982764212,54.0,363.0,5.0,581.04141157493,Salud,Oriente,0
644,700.1465133343424,44.0,22.0,10.0,632.8837484911351,Servicios,Sur,0
645,552.7563927220392,41.0,314.0,32.0,630.9250919215758,Retail,Oriente,0
646,15425.430451929597,5.0,5000.0,1905.0,10.0,Retail,Norte,1
647,555.8096251400367,68.0,233.0,17.0,737.2527948870505,Salud,Norte,0
648,542.2107690079044,24.0,15.0,5.0,704.0115727915918,Servicios,Oriente,0
649,14600.171288851177,130.0,-10.0,968.0,10.0,Servicios,Oriente,1
650,539.4394402738977,52.0,292.0,12.0,818.5507786622517,Tecnología,Sur,0
651,280.2312698941852,41.0,37.0,32.0,579.500924205116,Servicios,Norte,0
652,428.70200531638466,36.0,266.0,16.0,585.6378695820149,Servicios,Norte,0
653,537.8726004308409,63.0,332.0,19.0,642.1541145173994,Retail,Norte,0
654,305.6153606729876,31.0,357.0,36.0,664.3717344624043,Tecnología,Sur,0
655,553.7719236723444,55.0,257.0,40.0,687.5859938563973,Tecnología,Centro,0
656,601.0184080268074,53.0,199.0,38.0,746.7411654740301,Salud,Norte,0
657,644.702434506588,54.0,155.0,37.0,598.0589664311891,Servicios,Sur,0
658,594.1812843929762,21.0,131.0,35.0,603.1265431638732,Salud,Centro,0
659,416.30914120396676,35.0,329.0,42.0,428.98595954610056,Tecnología,Centro,0
660,519.7268843572763,34.0,328.0,10.0,650.425828836136,Retail,Norte,0
661,322.1377523068615,27.0,103.0,8.0,557.2128571386428,Retail,Norte,0
662,576.2445371433532,57.0,93.0,3.0,733.684180083832,Tecnología,Centro,0
663,396.3985682312742,55.0,47.0,22.0,634.9131093595192,Salud,Oriente,0
664,483.9412442580751,41.0,212.0,34.0,725.4074896719834,Tecnología,Centro,0
665,663.5171167764009,60.0,65.0,9.0,601.7617349946397,Salud,Centro,0
666,451.3676881460802,30.0,262.0,22.0,724.4302286098314,Retail,Sur,0
667,611.2926177869817,63.0,187.0,5.0,632.8580045956428,Retail,Norte,0
668,475.3805973360747,48.0,352.0,27.0,570.1581125364897,Tecnología,Oriente,0
669,307.8466475457376,32.0,167.0,47.0,713.1126306706592,Salud,Sur,0
670,510.8587737953449,50.0,184.0,20.0,615.2639653392891,Retail,Oriente,0
671,14051.032240749251,130.0,5000.0,809.0,10.0,Servicios,Norte,1
672,406.1100399246265,37.0,309.0,47.0,748.6290994647208,Servicios,Oriente,0
673,465.8763394351886,45.0,60.0,20.0,601.6321107056367,Salud,Centro,0
674,570.9087587352026,25.0,114.0,34.0,670.8603507312934,Tecnología,Sur,0
675,434.7805390480838,66.0,216.0,21.0,715.2252857737307,Salud,Sur,0
676,562.9408850343303,64.0,100.0,46.0,605.8380216790739,Retail,Sur,0
677,14404.828255915814,5.0,-10.0,618.0,1200.0,Retail,Sur,1
678,475.6503218245343,51.0,33.0,13.0,630.4536915856377,Tecnología,Norte,0
679,510.03452928926686,26.0,211.0,11.0,618.5090022962364,Retail,Oriente,0
680,674.1414618825277,52.0,164.0,3.0,744.3163662873319,Retail,Oriente,0
681,675.3414640064395,63.0,346.0,17.0,645.9497509554407,Servicios,Centro,0
682,482.95961427109745,22.0,111.0,38.0,657.2125462134059,Salud,Oriente,0
683,457.8857141338426,69.0,79.0,27.0,744.8914001695065,Retail,Norte,0
684,409.57669035711467,41.0,194.0,23.0,682.6182695694431,Servicios,Centro,0
685,15322.50834465753,999.0,5000.0,767.0,1200.0,Servicios,Norte,1
686,649.7539982071319,32.0,57.0,30.0,756.2525296716638,Salud,Norte,0
687,558.4366976942698,68.0,145.0,38.0,622.6277687414362,Retail,Sur,0
688,289.07259303720423,55.0,81.0,16.0,696.3425577056746,Salud,Sur,0
689,357.806748029957,33.0,345.0,14.0,592.4414763217162,Tecnología,Oriente,0
690,668.4585670479869,50.0,262.0,49.0,625.4298341531372,Servicios,Centro,0
691,635.476675126507,53.0,75.0,40.0,651.1744111911769,Retail,Norte,0
692,297.6238218519078,37.0,284.0,46.0,704.5914007850234,Salud,Norte,0
693,421.42547654847317,36.0,341.0,13.0,698.0767427759918,Tecnología,Norte,0
694,570.4711000163351,29.0,133.0,39.0,603.184924085839,Servicios,Centro,0
695,592.0780688553473,68.0,147.0,4.0,644.0184862748217,Tecnología,Sur,0
696,714.2202082486557,37.0,205.0,14.0,761.3656736779404,Salud,Sur,0
697,0.414489103734096,999.0,5000.0,1467.0,1200.0,Tecnología,Oriente,1
698,326.34650330922955,34.0,38.0,22.0,682.5811114988375,Retail,Oriente,0
699,408.13576670843446,39.0,73.0,9.0,511.2019134363654,Salud,Sur,0
700,394.7767066198894,45.0,321.0,3.0,668.7438688301518,Retail,Sur,0
701,522.7812071404932,48.0,37.0,7.0,769.2099473837258,Tecnología,Sur,0
702,537.6892668643759,46.0,260.0,19.0,679.2389876030804,Servicios,Sur,0
703,537.6689853749065,57.0,119.0,32.0,850.0,Retail,Norte,0
704,744.2087963277281,24.0,269.0,22.0,699.155209831398,Retail,Centro,0
705,511.8841785208641,37.0,109.0,40.0,548.845571105823,Salud,Centro,0
706,398.81236756485544,23.0,88.0,27.0,575.5141209646317,Retail,Centro,0
707,443.3868759633997,36.0,42.0,21.0,594.0782517516859,Servicios,Norte,0
708,527.5053648938082,56.0,284.0,46.0,527.3708097317834,Servicios,Centro,0
709,488.45852756920016,27.0,82.0,23.0,635.9029552830419,Retail,Centro,0
710,660.4877728931292,64.0,320.0,27.0,657.2640018888038,Retail,Centro,0
711,265.87577736153963,45.0,169.0,26.0,541.180524992626,Tecnología,Norte,0
712,746.322197833507,47.0,6.0,25.0,767.2962255700545,Salud,Norte,0
713,649.9598320452533,31.0,255.0,7.0,742.807427731484,Servicios,Oriente,0
714,329.15186775211276,33.0,88.0,43.0,672.9512894634083,Servicios,Sur,0
715,524.4065888743933,24.0,219.0,6.0,693.3756228579405,Salud,Centro,0
716,437.44124976352583,56.0,207.0,48.0,648.4078663274731,Servicios,Sur,0
717,547.9729072068124,47.0,12.0,10.0,662.6758440399788,Servicios,Oriente,0
718,392.0366256214695,25.0,41.0,33.0,764.8004942391148,Tecnología,Centro,0
719,485.8949399206244,55.0,115.0,29.0,706.4775797359052,Servicios,Oriente,0
720,413.66237200582515,38.0,355.0,29.0,717.836699477096,Retail,Sur,0
721,526.8314658529619,65.0,226.0,7.0,702.7587371401517,Servicios,Centro,0
722,438.5308725114155,52.0,339.0,12.0,597.1759907182409,Servicios,Oriente,0
723,540.5089458558721,56.0,159.0,21.0,651.3867703321046,Retail,Oriente,0
724,323.50324465968106,42.0,112.0,17.0,711.8031846066209,Servicios,Sur,0
725,543.8532877236894,39.0,21.0,10.0,702.7037894692954,Tecnología,Centro,0
726,715.7113426921178,37.0,364.0,13.0,545.8452343869196,Tecnología,Norte,0
727,324.3869597795596,27.0,266.0,6.0,651.1118567466009,Tecnología,Oriente,0
728,579.8702283576115,62.0,190.0,45.0,577.3905995119519,Salud,Oriente,0
729,692.5105233820569,69.0,79.0,5.0,688.4267436705104,Salud,Sur,0
730,464.9394577035734,18.0,152.0,16.0,722.6714637813843,Retail,Norte,0
731,491.7034478328633,31.0,318.0,27.0,594.1954234722954,Retail,Norte,0
732,600.2969475577205,46.0,259.0,9.0,685.9852261245228,Salud,Oriente,0
733,506.5224302468459,33.0,143.0,4.0,690.3555718129975,Servicios,Sur,0
734,718.555862097573,30.0,274.0,6.0,572.8979850212489,Servicios,Norte,0
735,261.1025605851203,60.0,187.0,4.0,647.1340202667236,Servicios,Centro,0
736,739.6077070030144,42.0,353.0,1.0,655.4137006450168,Servicios,Oriente,0
737,519.5303678126006,51.0,77.0,39.0,689.8338347415503,Tecnología,Oriente,0
738,451.150611637961,68.0,245.0,43.0,729.6750947857806,Salud,Centro,0
739,292.3194073391338,25.0,135.0,48.0,645.5451957880005,Tecnología,Norte,0
740,423.22981607003027,42.0,354.0,15.0,665.8862896545213,Tecnología,Centro,0
741,0.7936163645330594,130.0,5000.0,1818.0,1200.0,Salud,Norte,1
742,383.5820576418305,54.0,262.0,3.0,723.5538941317589,Servicios,Centro,0
743,585.3471895751426,45.0,23.0,22.0,560.1634360714296,Retail,Centro,0
744,556.1011210702454,55.0,39.0,12.0,827.1322092633529,Servicios,Sur,0
745,515.6329425767462,30.0,362.0,31.0,623.4265176128796,Servicios,Oriente,0
746,589.1905005444131,31.0,255.0,32.0,532.2550118940651,Servicios,Sur,0
747,465.65015197331695,62.0,341.0,48.0,666.9371027336477,Retail,Sur,0
748,445.0760682851809,41.0,354.0,31.0,850.0,Retail,Sur,0
749,353.06371619353996,46.0,287.0,28.0,626.0277548755707,Retail,Oriente,0
750,564.5738524404711,30.0,351.0,27.0,635.8512645141764,Tecnología,Centro,0
751,325.14130161732004,63.0,351.0,46.0,729.7243907598723,Salud,Centro,0
752,537.4411365861492,69.0,207.0,28.0,741.2202624755424,Salud,Centro,0
753,455.3939964097166,42.0,153.0,10.0,613.012823558297,Retail,Centro,0
754,377.32636620232046,51.0,62.0,8.0,666.869168167047,Retail,Norte,0
755,389.2536269725679,27.0,230.0,43.0,640.9316801728154,Tecnología,Sur,0
756,521.1814905646936,38.0,318.0,22.0,748.8197910648217,Servicios,Oriente,0
757,470.5927218571157,57.0,324.0,43.0,509.48186234029487,Retail,Oriente,0
758,540.9866661128611,64.0,9.0,29.0,646.8720863026757,Salud,Norte,0
759,533.9104379503156,67.0,279.0,16.0,706.5226010318262,Retail,Sur,0
760,399.9957432860713,67.0,281.0,29.0,619.9116647552335,Tecnología,Oriente,0
761,519.222871198049,28.0,160.0,15.0,655.6090526986574,Salud,Sur,0
762,0.791634161495822,999.0,5000.0,1441.0,1200.0,Retail,Sur,1
763,500.0101271709697,67.0,169.0,6.0,732.702893435112,Retail,Oriente,0
764,668.8978233576461,33.0,283.0,47.0,640.2555820757333,Salud,Oriente,0
765,412.9728722557096,57.0,143.0,39.0,574.5856068374927,Servicios,Centro,0
766,463.1500137998508,38.0,168.0,4.0,688.4192922009413,Retail,Sur,0
767,365.6556949675369,63.0,304.0,24.0,638.6877863339697,Salud,Centro,0
768,523.6131315988349,47.0,339.0,23.0,521.2954632584023,Salud,Sur,0
769,376.3023535674615,68.0,59.0,33.0,630.8183189685127,Tecnología,Norte,0
770,627.662183928123,46.0,280.0,19.0,544.946582544005,Salud,Norte,0
771,663.1064720354734,45.0,78.0,26.0,701.1007505340782,Retail,Sur,0
772,475.3474930558844,66.0,158.0,37.0,665.608317851431,Servicios,Oriente,0
773,588.7295206761137,50.0,229.0,45.0,515.6711657901026,Servicios,Norte,0
774,330.468093932916,52.0,132.0,37.0,621.6242157632258,Salud,Norte,0
775,375.20190725114054,49.0,79.0,24.0,665.8704928501152,Salud,Oriente,0
776,485.2778435005847,42.0,69.0,19.0,770.3605374871381,Tecnología,Oriente,0
777,540.1154154197258,26.0,48.0,1.0,625.048695019568,Tecnología,Oriente,0
778,554.8130285068894,40.0,106.0,27.0,636.1703134045251,Servicios,Norte,0
779,494.1537917683859,39.0,196.0,37.0,708.0878689157067,Retail,Norte,0
780,573.9175307090595,26.0,153.0,10.0,688.1282373859184,Salud,Norte,0
781,524.3356732277335,47.0,208.0,2.0,594.4427806459718,Retail,Norte,0
782,432.8513256740613,66.0,262.0,40.0,589.0406780938408,Retail,Sur,0
783,706.4923797399181,52.0,24.0,47.0,513.7777110485353,Servicios,Oriente,0
784,508.32573621593343,56.0,149.0,36.0,639.6211037449198,Retail,Centro,0
785,410.7694125424923,49.0,132.0,38.0,699.7281050496777,Servicios,Norte,0
786,488.18174185886915,64.0,117.0,46.0,647.2420107972293,Tecnología,Sur,0
787,573.0513766669328,32.0,145.0,31.0,459.32890376341106,Retail,Oriente,0
788,608.0221476823956,38.0,137.0,30.0,689.9830483436639,Retail,Sur,0
789,252.41140678343086,24.0,353.0,7.0,577.8311089455159,Servicios,Oriente,0
790,368.78343554456205,51.0,133.0,34.0,520.6432479868043,Servicios,Centro,0
791,488.68849348969314,45.0,290.0,32.0,662.0737221445197,Tecnología,Norte,0
792,635.2689448361639,57.0,76.0,20.0,607.5342537496282,Salud,Norte,0
793,464.411485575835,20.0,110.0,34.0,610.782227996898,Salud,Oriente,0
794,561.8492483480973,19.0,91.0,27.0,729.5480374499455,Retail,Norte,0
795,562.9025411375325,45.0,141.0,30.0,640.8177640798461,Salud,Norte,0
796,751.1801970716714,67.0,79.0,49.0,736.7669113171075,Retail,Norte,0
797,611.7887615449093,23.0,357.0,24.0,708.5193926352748,Tecnología,Sur,0
798,0.17044457177910577,130.0,5000.0,1761.0,1200.0,Servicios,Oriente,1
799,573.8308120362274,34.0,314.0,36.0,571.1007911586722,Tecnología,Oriente,0
800,493.18601667287703,36.0,300.0,12.0,651.2903532220803,Servicios,Sur,0
801,15278.787921412408,999.0,5000.0,1579.0,10.0,Retail,Sur,1
802,144.25653945900183,67.0,268.0,21.0,649.8199804396675,Salud,Oriente,0
803,323.9545705530811,30.0,305.0,10.0,824.86910131341,Retail,Sur,0
804,480.84220310935797,63.0,42.0,17.0,641.3413329341621,Retail,Oriente,0
805,506.13704702625944,19.0,141.0,27.0,811.6511759020666,Tecnología,Oriente,0
806,594.8962065414787,35.0,234.0,2.0,764.878249984142,Tecnología,Norte,0
807,698.1113518677499,26.0,121.0,25.0,676.803389402993,Salud,Norte,0
808,715.7073399973568,18.0,327.0,38.0,790.2118043640751,Tecnología,Centro,0
809,475.86744145774037,28.0,318.0,11.0,531.1568672382181,Retail,Oriente,0
810,459.28898193391814,53.0,84.0,10.0,549.2469546635093,Servicios,Centro,0
811,575.0102241497784,38.0,149.0,16.0,618.0360846729258,Retail,Oriente,0
812,312.6849976406669,19.0,223.0,21.0,826.8512701914592,Tecnología,Centro,0
813,396.1002661168108,39.0,53.0,13.0,588.9248546151472,Retail,Sur,0
814,574.3005340370472,40.0,295.0,16.0,496.6722025985431,Tecnología,Norte,0
815,491.51835420175144,67.0,128.0,7.0,611.0309151347858,Tecnología,Sur,0
816,561.9557086521742,54.0,297.0,32.0,788.1934629302481,Salud,Sur,0
817,707.443717328671,18.0,343.0,7.0,642.7846069298089,Salud,Sur,0
818,418.288454671527,18.0,314.0,37.0,642.4644339719333,Tecnología,Centro,0
819,552.6791790485959,35.0,257.0,17.0,609.407953887966,Retail,Oriente,0
820,496.89645824553725,54.0,138.0,13.0,715.5474477647798,Tecnología,Oriente,0
821,384.1859885321154,34.0,309.0,26.0,594.4588990201545,Servicios,Oriente,0
822,408.4331348366279,37.0,210.0,2.0,587.2176602275207,Servicios,Oriente,0
823,478.4576944060879,31.0,320.0,3.0,688.4822931810925,Retail,Norte,0
824,404.70364519694914,69.0,167.0,26.0,561.9470988612512,Servicios,Sur,0
825,0.7694646483227118,5.0,-10.0,523.0,1200.0,Servicios,Sur,1
826,589.9320679673289,35.0,80.0,1.0,598.4633399690841,Tecnología,Oriente,0
827,543.9837688684676,34.0,185.0,40.0,487.4704345069579,Salud,Centro,0
828,549.6668342447232,41.0,23.0,31.0,663.5579096954608,Retail,Oriente,0
829,701.8179943160989,32.0,304.0,21.0,736.3207711388891,Tecnología,Centro,0
830,569.9186290385248,61.0,175.0,38.0,615.871601355272,Servicios,Sur,0
831,497.8924608227065,19.0,364.0,31.0,781.2283275118649,Retail,Centro,0
832,453.22282362130784,48.0,26.0,13.0,629.2632592547933,Retail,Oriente,0
833,458.9190873603341,51.0,224.0,21.0,673.2964160905194,Tecnología,Norte,0
834,391.3425133567927,48.0,215.0,26.0,731.7925780288377,Retail,Sur,0
835,602.8152779079833,22.0,110.0,2.0,675.9192205017715,Retail,Centro,0
836,501.4992942473225,37.0,213.0,7.0,491.78007501062973,Salud,Centro,0
837,539.9684447141906,46.0,310.0,34.0,709.1754006730339,Retail,Sur,0
838,681.3474119932066,45.0,342.0,6.0,679.3066346920035,Servicios,Centro,0
839,460.6792286765647,39.0,339.0,15.0,584.9287670122659,Retail,Sur,0
840,464.8170096021486,34.0,225.0,6.0,617.7469858455961,Retail,Sur,0
841,521.5130761947579,35.0,169.0,39.0,762.0705488250373,Salud,Centro,0
842,403.20813148311527,27.0,212.0,31.0,733.0631943187055,Servicios,Norte,0
843,477.8165163745687,67.0,238.0,5.0,739.8142603650991,Retail,Sur,0
844,633.5559069992316,51.0,44.0,47.0,661.2935215066112,Tecnología,Sur,0
845,364.00553431958235,65.0,294.0,42.0,610.5712184883553,Servicios,Norte,0
846,385.9973534107303,44.0,292.0,31.0,700.352320488176,Servicios,Sur,0
847,413.4130359748583,22.0,350.0,19.0,555.403954223485,Tecnología,Centro,0
848,427.39991446295227,58.0,196.0,32.0,501.1045052395555,Servicios,Oriente,0
849,457.2483234726289,18.0,243.0,3.0,612.5618949340566,Tecnología,Norte,0
